experiment_config_name,model_config_name,f1-score_mean,f1-score_std,precision_mean,precision_std,recall_mean,recall_std,accuracy_mean,accuracy_std
experiment_configuration_1,model_configuration_1,0.7411691693226408,0.039870037687518706,0.8770711193568335,0.04920403007937138,0.6461473072946953,0.059686699827604835,0.999222527260408,0.00013552522075330737
experiment_configuration_1,model_configuration_2,0.8357878566549586,0.018649842872920513,0.9403277496943867,0.033049663681514574,0.7536631372358984,0.03388637037162528,0.9994883729506915,7.371928875813229e-05
experiment_configuration_1,model_configuration_3,0.7542150177188685,0.020652784804083273,0.9563913884450423,0.04086050085872392,0.623462961168185,0.022988817737776265,0.9992977668986672,8.393248859942894e-05
experiment_configuration_2,model_configuration_1,0.7234679787866533,0.03919394189036986,0.8719607843137254,0.040299147335735294,0.6229890724946694,0.06441685853751626,0.9991823994784967,0.00012142693190752553
